{
  "project_info": {
    "project_number": "242571850019",
    "firebase_url": "https://autosafetyindex.firebaseio.com",
    "project_id": "autosafetyindex",
    "storage_bucket": "autosafetyindex.appspot.com"
  },
  "client": [
    {
      "client_info": {
        "mobilesdk_app_id": "1:242571850019:android:34ca004b99322a64",
        "android_client_info": {
          "package_name": "com.mygame.autosafetyindex"
        }
      },
      "oauth_client": [
        {
          "client_id": "242571850019-7m3nsu4tstrstdiuhrhq485lg282t016.apps.googleusercontent.com",
          "client_type": 1,
          "android_info": {
            "package_name": "com.mygame.autosafetyindex",
            "certificate_hash": "5bb1ca36d18dc7f890493451f71834101d0a03fe"
          }
        },
        {
          "client_id": "242571850019-6gokklp64khptp81unm0hm3abp0vedql.apps.googleusercontent.com",
          "client_type": 3
        }
      ],
      "api_key": [
        {
          "current_key": "AIzaSyDZK0KBgyNKSdz9aGmLPD9SPRCmLebdvJc"
        }
      ],
      "services": {
        "analytics_service": {
          "status": 1
        },
        "appinvite_service": {
          "status": 2,
          "other_platform_oauth_client": [
            {
              "client_id": "242571850019-6gokklp64khptp81unm0hm3abp0vedql.apps.googleusercontent.com",
              "client_type": 3
            }
          ]
        },
        "ads_service": {
          "status": 2
        }
      }
    }
  ],
  "configuration_version": "1"
}